{
  "schema": 1,
  "mpmath_dps": 50,
  "methods": [
    "direct NIG Bessel-density OTM integration, arbitrary-precision Gauss-Legendre 64",
    "Lewis characteristic-function inversion",
    "SolMath fixed-point 15/7 runtime"
  ],
  "cases": 6,
  "maxima": {
    "density_48_vs_64": 1.7883668668810862e-19,
    "density_vs_fourier": 1.7748655069058008e-16,
    "fixed_vs_density": 0.00010331520640711848,
    "fixed_vs_fourier": 0.00010331520640729597
  },
  "rows": [
    {
      "index": 0,
      "input": {
        "spot": 100,
        "strike": 100,
        "rate": 0.05,
        "dividend": 0.02,
        "time": 1.0,
        "alpha": 10,
        "beta": -2,
        "delta_per_year": 0.2
      },
      "density_call": "6.8920151084221355700270514219024782250288386270652",
      "density_put": "3.9950902278180062570881729773368076607663435141881",
      "fourier_call": "6.8920151084221355700270488713168390555398246164381",
      "fourier_put": "3.9950902278180062570881704267511684912773295035611",
      "fixed_call": 6.892015135701,
      "fixed_put": 3.995090255101,
      "returned_max_abs_error": 0.004430974051,
      "tier": 15,
      "density_48_vs_64": 9.447724496736135e-21,
      "density_vs_fourier": 2.550585639169489e-24,
      "fixed_vs_density": 2.7282993742911827e-08
    },
    {
      "index": 1,
      "input": {
        "spot": 80,
        "strike": 100,
        "rate": 0.03,
        "dividend": 0.01,
        "time": 0.5,
        "alpha": 8,
        "beta": -3,
        "delta_per_year": 0.4
      },
      "density_call": "0.53365302776000992264982159739853772842879201418305",
      "density_put": "19.443848652651691001973515081152727178543511808289",
      "fourier_call": "0.53365302776000992264982307899230068243123433218625",
      "fourier_put": "19.443848652651691001973516562746490132545954126292",
      "fixed_call": 0.533653034901,
      "fixed_put": 19.443848659761,
      "returned_max_abs_error": 0.000270636015,
      "tier": 15,
      "density_48_vs_64": 1.1928230473054685e-24,
      "density_vs_fourier": 1.4815937629540025e-24,
      "fixed_vs_density": 7.140990077350179e-09
    },
    {
      "index": 2,
      "input": {
        "spot": 130,
        "strike": 100,
        "rate": -0.01,
        "dividend": 0.04,
        "time": 2.0,
        "alpha": 12,
        "beta": 2,
        "delta_per_year": 0.3
      },
      "density_call": "21.337043419354108682102638449981014533606471719479",
      "density_put": "3.3520523917670379197182500538856127582915726298808",
      "fourier_call": "21.337043419354108682102319780695463064350925118001",
      "fourier_put": "3.3520523917670379197179313846000612890360260284021",
      "fixed_call": 21.33704244104,
      "fixed_put": 3.35205141343,
      "returned_max_abs_error": 0.010270426921,
      "tier": 15,
      "density_48_vs_64": 1.1545773295478984e-25,
      "density_vs_fourier": 3.1866928555146923e-22,
      "fixed_vs_density": 9.783370379197183e-07
    },
    {
      "index": 3,
      "input": {
        "spot": 100,
        "strike": 115,
        "rate": -0.04,
        "dividend": 0.08,
        "time": 1.5,
        "alpha": 2.5,
        "beta": -0.8,
        "delta_per_year": 0.25
      },
      "density_call": "4.0445025932893422379774143414776144886496672248567",
      "density_put": "37.463661774289947241059652338856697029990757347089",
      "fourier_call": "4.0445025932893422379774154931902829056766520947095",
      "fourier_put": "37.463661774289947241059653490569365447017742216942",
      "fixed_call": 4.044502611918,
      "fixed_put": 37.463661792893,
      "returned_max_abs_error": 0.000244222405,
      "tier": 15,
      "density_48_vs_64": 1.3515748478538718e-20,
      "density_vs_fourier": 1.151712668417027e-24,
      "fixed_vs_density": 1.8628657762022587e-08
    },
    {
      "index": 4,
      "input": {
        "spot": 100,
        "strike": 85,
        "rate": 0.12,
        "dividend": -0.03,
        "time": 0.75,
        "alpha": 4,
        "beta": 1,
        "delta_per_year": 0.5
      },
      "density_call": "27.143952334704046095686354196537125864905700879064",
      "density_put": "2.5525996663138498868419629192062671830119048181144",
      "fourier_call": "27.143952334704046095686353649664982714670706497846",
      "fourier_put": "2.5525996663138498868419623723341240327769104368972",
      "fixed_call": 27.143952334275,
      "fixed_put": 2.55259966591,
      "returned_max_abs_error": 0.001245207739,
      "tier": 15,
      "density_48_vs_64": 1.367229729890781e-23,
      "density_vs_fourier": 5.46872143150235e-25,
      "fixed_vs_density": 4.290460956863542e-10
    },
    {
      "index": 5,
      "input": {
        "spot": 250,
        "strike": 250,
        "rate": 0.0,
        "dividend": 0.0,
        "time": 0.25,
        "alpha": 100,
        "beta": -20,
        "delta_per_year": 1.0
      },
      "density_call": "5.1068124184564071184842733928556616578085524499969",
      "density_put": "5.106812418456407118484273392855661657808552449997",
      "fourier_call": "5.1068124184564072959708240834357365329389529073699",
      "fourier_put": "5.1068124184564072959708240834357365329389529073699",
      "fixed_call": 5.10670910325,
      "fixed_put": 5.10670910325,
      "returned_max_abs_error": 0.547724832096,
      "tier": 15,
      "density_48_vs_64": 1.7883668668810862e-19,
      "density_vs_fourier": 1.7748655069058008e-16,
      "fixed_vs_density": 0.00010331520640711848
    }
  ]
}
